IDM,Antho1M,Antho2M
1,0.25,0.378701817
2,0.75,1.005656895
3,1.25,1.540401833
4,1.75,1.833543418
5,2.25,2.094830217
6,2.75,2.373555675
