Time,Count,LogCount
1,578,6.35957
3,317,5.75890
5,203,5.31321
7,118,4.77068
